'ASUS VivoBook Flip 14 Thin and Light 2-in-1 HD Touchscreen Laptop, Intel® Quad-Core Pentium® N4200 Processor (2.5GHz), 4GB RAM, 64GB EMMC Storage, Windows 10 Home',349.0,'ASUS','14.00 in','4 KB','64.00 GB','Intel Pentium','1.1 Hz','Windows 10',nan
'ASUS ROG Strix GL553VD 15.6" Gaming Laptop GTX 1050 4GB Intel Core i7-7700HQ 16GB DDR4 1TB 7200RPM HDD RGB Keyboard',949.0,'ASUS','15.60 in','16 KB','1 KB','Intel Core i7-7700HQ','2.8 Hz','Windows 10 (64bit)','5 h'
'ASUS Vivobook 15 Red, Intel Core i5 Processor, Touchscreen, 8GB RAM, 1TB Hard Drive, Windows 10 Home',549.0,'ASUS','15.60 in','8 KB','1000 KB','Core-i5','2.5 Hz','Windows 10',nan
'ASUS Vivobook Flip 12, 2-in-1, Touchscreen, Dual-Core Celeron, 4GB RAM, 500GB Hard Drive, Windows 10 Home, Finger Print reader, ASUS Stylus Pen included',399.0,'ASUS','11.60 in','4 KB','500 KB','Dual-Core Celeron','1.1 Hz','Windows 10',nan
'ASUS Vivobook 15 Red, Intel Quad-Core Pentium N4200 Processor, Touchscreen, 4GB RAM, 500GB Hard Drive, Windows 10 Home',349.0,'ASUS','15.60 in','4 KB','500 KB','Intel Pentium','1.1 Hz','Windows 10',nan
'ASUS Vivobook 15 Red, Intel Core i7 Processor, Touchscreen, 8GB RAM, 1TB Hard Drive, Windows 10 Home',599.0,'ASUS','15.60 in','8 KB','1000 KB','Core-i7','2.7 Hz','Windows 10',nan
'ASUS VivoBook W202NA-DH02 Rugged 11.6-inch Windows 10 Home Laptop, Intel® Apollo Lake Dual-Core Celeron ® processor 2.4 GHz, 4GB Ram, 64GB emmc hard drive, spill proof keyboard',239.0,'ASUS','11.60 in','4 KB','64 KB','Intel Celeron','1.1 Hz','Windows 10','11.00 h'
'ASUS ROG Strix GL553VE 15.6" Gaming Laptop GTX 1050Ti 4GB Intel Core i7-7700HQ 16GB DDR4 256GB SSD + 1TB 7200RPM HDD RGB Keyboard',1099.0,'ASUS','15.60 in','16 KB','1 KB','Intel Core i7-7700HQ','2.8 Hz','Windows 10 (64bit)','5 h'
'Asus Flip C101 C101PA-DB02 10.1" Rockchip RK3399 4GB 16GB Flash Memory - Chrome OS Convertible - Silver Chromebook',299.0,'ASUS','10.10 in','4.00 GB','64.00 GB','RK3399','1.60 GHz','Chrome OS','9.00 h'
'ASUS FX503VD 15.6” FHD Powerful Gaming Laptop, Intel Core i5 2.5GHz, GTX 1050, 1TB SSHD, 8GB DDR4, Windows 10 Home',699.0,'ASUS','15.60 in','8 KB','1 KB','Intel Core i5-7300HQ','2.5 Hz','Windows 10 (64bit)',nan
'Asus Chromebook Flip C302CA-DHM4 12.5" Touchscreen LCD 2 in 1 Chromebook',469.99,'ASUS','12.50 Inches','4 KB','64 KB','Intel m3-6Y30','900 Hz','Chrome OS','10 Hours'
'GL502VS-DS71 I7-7700HQ 2.4G 16GB 128GB SSD+1TB 15.6IN W10',1699.0,'ASUS','15.60 in','16.00 GB','1.00 TB','Intel Core i7-7700HQ','2.80 GHz','Windows 10',nan
'Asus VivoBook Pro N705UQ-EB76 17 FHD Thin and Light Laptop (Intel Core i7, 8GB RAM, 256GB SSD, Windows 10 Home), Star Grey Notebook',799.0,'ASUS','17.00 in','8.00 GB','1.00 TB','Intel Core i7','2.70 GHz','Windows 10',nan
'Asus VivoBook 15 X505BA 1366*768 Notebook',438.69,'ASUS','15.60 in','16.00 GB','2.00 TB','AMD A9-9420','3.00 GHz','Windows 10',nan
'Asus Chromebook Flip C213SA-YS02 11.6" 2-in 1, Intel Celeron N3350 Dual Core, 4GB Memory, 32GB Hard Drive',299.0,'ASUS','11.6"','0 GB','32.00 GB','Intel Celeron','0 GHz','Chrome OS','0 h'
'GL753VD-DS71 I7-7700HQ 16GB 1TB 17.3IN NO TOUCH SCREEN W10',1099.0,'ASUS','17.30 Inches','16 Gigabytes','1 Terabytes','Intel i7-7700HQ','2.8 Gigahertz','Windows 10',nan
'C202SA-YS02 N3060 1.6G 4GB 16GB 11.6IN CHROME OS',224.99,'ASUS','11.6 in','4 GB','16 GB','Intel Celeron','1.60 GHz, with a Max Turbo Speed of 2.48 GHz','Chrome','10 hours'
'Asus ROG Strix GL503VM Core i7-7700HQ 15.6" FHD (1920*1080) GTX 1060 256GB NVMe/PCIE SSD + 1TB SSHD Gaming Laptop',1549.25,'ASUS','15.60 in','16.00 GB','1.00 TB','Intel Core i7','2.80 GHz','Windows 10','4 Hours'
'Asus ROG Strix GL702VI-WB74 Metallic Copper 17.3" FHD 120Hz G-SYNC Intel Core i7-7700HQ 16GB RAM 256GB NVMe SSD +1TB 5400rpm HDD NVIDIA GeForce GTX1080 8GB Graphics Win10 1YW/1ADP Gaming Notebook',2349.1,'ASUS','17.30 in','16.00 GB','1.00 TB','Intel Core i7','2.80 GHz','Windows 10',nan
'ASUS Black 11.6" C200MA-EDU2 Chromebook PC with Intel Celeron N2830 Processor, 4GB Memory, 16GB Solid State Drive and Chrome OS',219.98,'ASUS','11.6"','4 GB','16 GB','Intel Celeron','2.16 GHz, with a Max Turbo Speed of 2.41 GHz','Chrome','10 hours'
'I5-6200U 8GB 256GB 13.3IN TOUCH SCREEN W10',699.99,'ASUS','13.3"','8 GB','256 Gigabytes','Intel 7265 AC (2x2 AC, 867 Mbps)','2.30 GHz, with a Max Turbo Speed of 2.80 GHz','Windows 10','7 hours'
'C201PA-DS02 11.6IN 1.8G 4GB 16GB NO TOUCH CHROME OS NAVY BLUE',249.97,'ASUS','11.6 in','4 GB','16 Gigabytes','ARM Rockchip Cortex A17-RK3288 Quad-Core Processor','1.80 GHz','Chrome OS','10 hours'
'Asus ROG Strix GL503VD-DB71 15.6" Full HD - 1TB HDD - Core i7-7700HQ GTX 1050 Ultrabook Laptop',979.0,'ASUS','15.6 in','16 GB','1 TB','Intel Core i7','2.8 GHz','Windows 10','9 h'
'ASUS VivoBook E403SA Notebook',398.2,'ASUS','14.00 in','4.00 GB','128.00 GB','Intel Pentium','1.10 GHz','Windows 10','14.00 h'
'Asus ZENBOOK UX430UA-DH74 Core i7-8550U 16GB 512GB SSD 1920 x 1080 14 Inch LCD Notebook',1073.0,'ASUS','14.00 in','16.00 GB','512.00 GB','Intel Core i7','1.80 GHz','Windows 10','9.00 h'
'Asus ROG Strix GL703VM-DB74 Core i7-7700HQ 17.3" FHD (1920*1080) GTX 1060 256GB NVMe/PCIE SSD + 1TB SSHD Gaming Laptop',1599.0,'ASUS','17.30 in','16.00 GB','1.00 TB','Intel Core i7','2.80 GHz','Windows 10',nan
'ASUS Transformer Book T100 Chi 10.1 inch Full HD Corning Concore Glass Touchscreen Detachable 2-in-1 Laptop, Intel Quad core Processor 128 GB Storage, 4GB Ram, Windows 10 - keyboard included',299.0,'ASUS',nan,nan,nan,nan,nan,nan,nan
'ASUS Matte Black X555DA-WB11 15.6" Laptop PC with AMD Quad-Core A10-8700P Processor, 4GB Memory, 500GB Hard Drive and Windows 10',654.77,'ASUS','15.6"','4 GB','500  GB','AMD Quad-Core A10-8700P Processor','1.80 GHz, with a Max Turbo Speed of 3.20 GHz','Windows 10',nan
'ASUS ROG G701VI-XS72K 17.3" Gaming Laptop i7-7820HK 32GB 512GB SSD GTX1080 W10P',2718.29,'ASUS','17.3 Inches','0 Gigabytes','0 Gigabytes','Intel Core i7','0 Gigahertz','Unknown',nan
'I7-6500U 12GB 512GB 13.3IN TOUCH SCREEN W10',1174.0,'ASUS','13.3 in','12 GB','512 GB','Intel Core i7','2.50 GHz, with a Max Turbo Speed of 3.10 GHz','Windows 10','7 hours'
'ASUS Q304UA-BHI5T11 2-in-1 13.3" Touchscreen Touch Screen Laptop Notebook PC Computer Tablet i5 6GB 1TB 7th Gen KABY LAKE i5-7200U',539.0,'ASUS','13.3','6 GB',nan,'Intel Core i5',nan,'Microsoft Windows',nan
'T102HA-D4-GR ATOM Z8350 4GB 128GB SSD 10.1IN W10 NO TOUCH',389.99,'ASUS','10.1"','4 GB','128 GB','Intel Quad-Core Atom Z8350 Processor','1.44 GHz, with a Max Turbo Speed of 1.92 GHz','Windows 10','11 Hours'
'Asus VivoBook 15 X542 X542BA-DH99 15.6" A9-9420 8GB DDR4 1TB HDD - Windows 10 Dark Gray, Silver Notebook',465.02,'ASUS','15.60 in','8.00 GB','1.00 TB','AMD A9-9420','3.00 GHz','Windows 10','0 h'
'C300SA-DH02 CEL N3060 4GB 16GB 13.3IN CHROME OS',229.0,'ASUS','13.30 in','4.00 GB','16.00 GB','Intel Dual-Core Celeron N3060','1.60 GHz','Chrome OS','10 Hours'
'15.6" Vivobook Max Laptop, Intel Pentium N4200, 1.10GHz, 4GB Memory, 500GB Hard Drive, Windows 10, Chocolate Black',299.97,'ASUS','15.6 in','4 KB','500 KB','Intel Pentium',nan,'Microsoft Windows',nan
'Refurbished Asus C200MA-DS01 11.6" Chromebook Celeron N2830 Dual-Core 2.16GHz 2GB 16GB SSD',129.95,'ASUS','11.6\"','2 GB','16 GB',nan,nan,'Chrome OS',nan
'Asus VivoBook Flip TP510UA 15.6" Core i7-8550U 1920 x 1080 Multi-Touch 2-in-1 Notebook',959.82,'ASUS','15.60 in','8.00 GB','1.00 TB','Intel Core i7','1.80 GHz','Windows 10','6.00 h'
'Asus ROG Strix GL503VD-DB74 15.6" Full HD - [256GB SSD + 1TB HDD] - Core i7-7700HQ GTX 1050 Ultrabook Laptop',1299.0,'ASUS','15.6 in','16 GB','1 TB','Intel Core i7','2.8 GHz','Windows 10','9 h'
'ASUS ROG Zephyrus 15.6" FHD 120Hz Gaming Laptop i7-7700HQ 16GB 512GB SSD GTX1080',2699.0,'ASUS','15.60 Inches','16 Gigabytes','512 Gigabytes','Intel i7-7700HQ','2.8 Gigahertz','Windows 10',nan
'Asus VivoBook Pro, 17" Full HD , Intel i7-8550U Processor, 16GB RAM, 256GB SSD + 1TB HDD, GeForce GTX 1050,Backlit Keyboard, Windows 10, Star Gray, N705UD-EH76 Thin & Light Laptop',1089.99,'ASUS','17.00 in','16.00 GB','1.00 TB','Intel Core i7','1.80 GHz','Windows 10',nan
'ASUS Transformer Mini 2-in-1 10.1" HD TOUCHSCREEN Gray Edition Laptop PC Intel Atom x5-Z8350 Quad-Core 64GB eMMC 4GB Win10 Keyboard and Pen Included',389.0,'ASUS','10.1 in','4 GB','64 GB',nan,nan,'Windows 10',nan
'VivoBook E403NA-US04 Celeron N3350 - 4GB 64GB - Windows 10 Home - Notebook',298.0,'ASUS','14.00 in','4.00 GB','64.00 GB','Intel Celeron','1.10 GHz','Windows 10','14 Hours'
'N3160 INTEL CELERON 4GB 64GB 13.3IN NO TOUCH SCREEN/CHROME OS',353.67,'ASUS','13.3"','4 GB','64 GB','Intel Celeron','1.60 GHz, with a Max Turbo Speed of 2.24 GHz','Chrome','15 Hours'
'Asus VivoBook Flip TP410UA-DB51T Core i5 7200U 6 GB 1 TB HDD 14" Touchscreen 1920 x 1080 Convertible 2-in-1 Notebook',689.0,'ASUS','14.00 in','6.00 GB','1.00 TB','Intel Core i5','2.50 GHz','Windows 10','0 h'
'Asus 10 point 1 inch Transformer Book Asus Transformer Book T100 Chi T100CHI-B1-BK 32 GB Net-tablet PC - 10.1" - In-plane Switching (IPS) Technology, TruVivid Technology -',229.98,'ASUS','10.1"','2 GB','32 GB','Intel Atom','1.46 GHz','Microsoft Windows','10 hours'
'Asus X541UARH71 15.6" Intel Core i7-6500U, 8GB RAM, 1TB HDD Windows 10 Laptop',769.99,'ASUS','15.6','8 GB','1000','Intel Core i7',nan,'Microsoft Windows',nan
'Asus C213SA-YS02-S Dark Grey Chromebook, Celeron N3350, 4GB',432.73,'ASUS','11.60 in','4.00 GB','32.00 GB','Intel Dual-Core Celeron N3350','1.10 GHz','Chrome OS','12.00 h'
'ASUS ROG Zephyrus GX501VS-XS71 Gaming Laptop w/ FREE BUNDLE! 15.6” FHD Intel Core i7-7700HQ NVIDIA GeForce GTX1070 16GB DDR4 1TB PCIe SSD Win10',2419.0,'ASUS','15.60 in','16.00 GB','1.00 TB','Intel Core i7 7700HQ','3.80 GHz','Windows 10',nan
'Asus GL703VD-DB74 I7-7700HQ 16GB 1TB 17.3IN W10 NO TOUCH',1403.72,'ASUS','17.30 Inches','16 Gigabytes','1 Terabytes','Intel i7-7700HQ','2.8 Gigahertz','Windows 10',nan
'Asus GL702VM-DS74 Intel Core I7-7700Hq 2.8Ghz',1489.0,'ASUS','17.3"','0 Gigabytes','0 Gigabytes','Intel Core i7-7700HQ 2.8GHz (Turbo up to 3.8GHz)','0 Gigahertz','Unknown',nan
'ASUS ROG STRIX GL703VD 17 Gaming Laptop i7-7700HQ GTX 1050 16GB 1TB Win10',1139.0,'ASUS','17.30 Inches','16 Gigabytes','1 Terabytes','Intel i7-7700HQ','2.8 Gigahertz','Windows 10',nan
'Manufacturer Refurbished - Asus L200HA-BB01-BL 11.6" Laptop  Intel Atom Z8350 1.44GHz 32GB eMMC 2GB - Blue',149.99,'ASUS',nan,nan,nan,nan,nan,nan,nan
'ASUS VivoBook TP200SA-DH01T-BL 11.6 inch display Thin and Lightweight 2-in-1 HD Touchscreen Laptop, Intel Celeron 2.48 GHz Processor, 4GB RAM, 32GB EMMC Storage, Windows 10 Home, Dark Blue Color',288.98,'ASUS','11.6"','4 GB',nan,'Intel Celeron','1.60 GHz','Microsoft Windows, Windows 10','8 Hour'
'14" Intel Dual Core Celeron',237.24,'ASUS','14.00 Inches','4 Gigabytes','4 Gigabytes','Intel N3350','1.1 Gigahertz','Windows 10','0 h'
'ASUS GL503VD-DB71 Gaming Laptop w/ FREE BUNDLE! 15.6? FHD Intel Core i7-7700HQ NVIDIA GeForce GTX1050 16GB DDR4 250GB Samsung 960 EVO NVMe SSD 1TB SSHD Hybrid Win10',1299.0,'ASUS','15.6 in','16.00 GB','1.25 TB','Intel Core i7, Intel Core i7 7700HQ','3.80 GHz','Windows 10',nan
'Asus VivoBook Flip 14 TP401CA Notebook',558.96,'ASUS','14.00 in','4.00 GB','128.00 GB','m3-7Y30','1.00 GHz','Windows 10','0 h'
'ASUS VivoBook Max X541SA 15.6Inch Laptop Intel Pentium 4GB Memory 500GB HD Matte IMR X541SA-PD0703X',329.0,'ASUS','15.6 in','4 GB','500 GB','Intel Pentium',nan,'Microsoft Windows',nan
'Asus 14" Notebook w/ Intel i7-7500U, 16GB RAM & 512GB SSD - Blue',1698.0,'ASUS','14.00 Inches','16 Gigabytes','512 Gigabytes','Intel i7-7500U','2.7 Gigahertz','Windows 10','9 Hours'
'Asus R518UA Multi-Touch 2-in-1 Notebook with Intel i7-7500, 4 GB 1 TB HDD',740.94,'ASUS','15.60 in','4 GB','1 TB','Intel Core i7','2.7 GHz','Windows 10','0 h'
'ROG Strix GL702VS-DS74 17.3" LCD Gaming Notebook - Intel Core i7 [7th Gen] Quad-core [4 Core] - 16 GB DDR4 SDRAM - 1 TB HDD - 512 GB SSD - 1920 x 1080 (193011)',2250.39,'ASUS','17.30 in','16.00 GB','2.00 TB','Intel Core i7 7700HQ','3.80 GHz','Windows 10',nan
'ASUS K550 15.6" Full HD Notebook Computer, Intel Quad-Core i7-6700HQ 2.6GHz, 8GB RAM, 256GB SSD, NVIDIA GeForce GTX 950M 2GB, Windows 10',699.99,'ASUS','15.6',nan,'256',nan,nan,nan,nan
'ASUS ZenBook UX430UQ Laptop Notebook i7 7th Gen Kaby Lake 2GB NVIDIA 1080p 14" 16GB Memory 512GB SSD Computer PC',1448.0,'ASUS','14\"',nan,'512 GB',nan,nan,'Microsoft Windows',nan
'C202SA-YS02-GR N3060 1.6G 4GB 16GB 11.6IN CHROME OS NO TOUCH SCRN',247.46,'ASUS','11.6 in','4 GB','16 GB','Intel Dual-Core Celeron N3060','1.6 GHz','Chrome OS','10 Hours'
'2016 Newest Asus Zenbook 13.3-inch ultra-slim Laptop (Intel Core M CPU, 8 GB RAM, 512 GB Solid State Drive) with Windows 10',799.0,'ASUS','48',nan,nan,'Core m3',nan,'Windows 10',nan
'ASUS M01990 13.3" Laptop, Windows 10, Intel Core i5-6198DU Processor, 8GB RAM, 1TB Hard Drive',780.35,'ASUS','13.3"','8 GB','1 TB','Intel Core i5-6198DU Processor','2.30 GHz, with a Max Turbo Speed of 2.80 GHz','Windows 10',nan
'Asus FX53VD-RH71 15.6" FHD Gaming Laptop  i7-7700HQ 16GB 1TB GTX1050',894.99,'ASUS','15.6"','0 GB','1 TB','Intel Core i7','0 GHz','Microsoft Windows, Windows 10','0 h'
'Asus VivoBook 15.6" FullHD i7-7500U 8GB 256GB SSD DVDRW Win10',699.0,'ASUS','15.60 in','8.00 GB','256.00 GB','Intel Core i7','2.70 GHz','Windows 10','0 h'
'Manufacturer Refurbished - ASUS E205SA-EDU3 11.6" Laptop Intel Pentium N3710 1.60GHz 4GB 64GB eMMC W10',219.99,'ASUS','11.6',nan,nan,nan,nan,nan,nan
'Asus R518UQ-RS74T 15.6 2in1 i7 12GB 1TB 128GB SSD Nvidia 940MX 2G Win10',869.0,'ASUS','15.6 in','12 GB','1 TB','I7-7500U','2.7 Hz','Windows 10',nan
'Asus 15.6" Full HD Notebook Computer, Intel Core i7-7500U 2.7 GHz, 256GB SSD, 8GB RAM, Windows 10, Dark Brownk556ua-wh71 Laptop PC Computer',744.99,'ASUS','15.6','8 GB','256',nan,nan,'Microsoft Windows',nan
'UX303UA-YS51 I5-6200U 2.3G 4GB 128GB 13.3IN W10HOME 64BIT',759.99,'ASUS','13.3 in','4 GB','128 Gigabytes','Intel Core i5','2.30 GHz, with a Max Turbo Speed of 2.80 GHz','Windows 10','8 hours'
'Asus Pro P Essential P2540UA-XS71 15.6" Notebook w/ 8GB RAM & 256GB SSD',864.99,'ASUS','15.6"','8 Gigabytes','256 Gigabytes','Intel i7-7500U','2.7 Gigahertz','Windows 10',nan
'Manufacturer Refurbished - Asus T102HA-D4-GR 10.1" TS Laptop x5-Z8350 Processor 128GB eMMC 4GB w/ pen Win10',239.99,'ASUS',nan,nan,'128',nan,nan,nan,nan
'Manufacturer Refurbished - Asus T102HA 10.1" Touch Laptop Intel Atom X5-Z8350 1.44GHz 4GB 128GB W10',264.99,'ASUS','10.1\"','4 GB','128 GB',nan,nan,'Microsoft Windows',nan
'Refurbished Asus Transformer Book T100TA-C1-GR-B 10.1-Inch Laptop',179.0,'ASUS','10.1 Inches','2 Gigabytes','64 Gigabytes','Quad Core Atom Bay Trail-T Z3740','1.33 Gigahertz','Windows 8','11 Hours'
'Used Like New ASUS 2-in-1 13.3" Touchscreen Full HD Convertible Premium Laptop, 7th Intel Core i5-7200, 6GB DDR4 RAM, 1TB HDD, Backlit keyboard, 802.11ac, Bluetooth, HDMI, Fingerprint Reader, Win 10',449.99,'ASUS','13.3\"','6 GB','1000 GB',nan,nan,'Microsoft Windows',nan
'Asus T102HA-C4-GR 10.1" Touch Laptop Intel X5-Z8350 1.44GHz 4GB 64GB w/ pen W10 Refurbished',319.0,'ASUS','10.1 in','64 GB','4 GB','Intel Atom','1.44 Hz','Windows 10',nan
'Manufacturer Refurbished - Asus C301SA-IB04 13.3" Laptop Intel Celeron N3160 1.60GHz 4GB 32GB Chrome OS',189.99,'ASUS','13.3\"',nan,nan,nan,nan,nan,nan
'15.6" N3050 4GB 500GB W10',345.1,'ASUS','15.6','0 Gigabytes','0 Gigabytes','Intel N3050','1.6 Gigahertz','Unknown',nan
'Refurbished ASUS UX32VD-DH71 Notebook PC - Intel Core i7 3517U 1.9 GHz Processor - 4 GB RAM - 500 GB Hard Drive - 13.3-inch Display - Windows 8 - Silver Aluminum',663.27,'ASUS','13.3 in','4 KB','500 GB','Intel Core i7','1.9 GHz','Microsoft Windows',nan
'ASUS Metallic 17.3" GL752VW-DH74 Laptop PC with Intel Core i7-6700HQ Processor, 16GB Memory, 1TB Hard Drive and Windows 10',1624.12,'ASUS','17.3 in','16 GB','1  TB','Intel 7265 AC (2x2 AC, 867 Mbps)','2.60 GHz, with a Max Turbo Speed of 3.50 GHz','Windows 10','5 hours'
'Manufacturer Refurbished - ASUSPRO P2440UA-XS71 14" Laptop Intel Core i7 7500U 2.70GHz 8GB 256GB SSD W10',539.99,'ASUS','14\"',nan,'256 GB',nan,nan,nan,nan
'Refurbished Asus - Flip 2-in-1 13.3 Touch-Screen Laptop - Intel Core i3 - 6GB Memory - 500GB Hard Drive - Aluminum Black - Q302LA-BHI3T09',349.0,'ASUS',nan,nan,'500',nan,nan,nan,nan
'Refurbished ASUS TP401NA-WH21T 14" Touchscreen Laptop Quad-Core 2.5GHz 4GB RAM 64GB EMMC',237.29,'ASUS','14\"','4 GB',nan,nan,nan,'Microsoft Windows',nan
'Asus ASUSPRO 15.6" Laptop Intel Core i3-7100U 4GB 500GB DVDRW Win10',579.99,'ASUS','15.60 Inches','4 Gigabytes','500 Gigabytes','Intel i3-7100U','2.4 Gigahertz','Windows 10',nan
'ASUS Chromebook Flip C302CA-DHM4 12.5 inch Touchscreen Intel Core m3-6Y30 900MHz/ 4GB LPDDR3/ 64GB eMMC + TPM/ Chrome Notebook (Silver)',728.21,'ASUS',nan,'4 GB',nan,nan,nan,nan,nan
'Asus Asus Mb168b Wide Screen 15.6in 16:9,1366x768,0.252mm Pixel Pitch,200 Cd/m2, 500:',171.8,'ASUS','15.6\"',nan,nan,nan,nan,nan,nan
'Asus 10.1" Netbook w/ Intel Bay Trail-T TZ3775, 2GB RAM & 64GB SSD',331.78,'ASUS','10.10 Inches','2 Gigabytes','64 Gigabytes','Intel Z3775','1.46 Gigahertz','Windows 10',nan
'L200HA-EDU3 X5-Z8350 1.44G 4GB 64GB 11.6IN W10 DARK BLUE',294.04,'ASUS','11.60 Inches','4 Gigabytes','64 Gigabytes','Intel','1.44 Gigahertz','Windows 10',nan
'Manufacturer Refurbished - ASUS C302CA-RHPDT11 12.5" Laptop Intel Pentium 4405Y 1.5GHz 4GB 32GB Chrome OS',380.99,'ASUS','12.5\"','32 GB',nan,nan,nan,'Microsoft Windows',nan
'Refurbished - ASUS TP500LA-DS71T 15.6" Laptop Core i7-5500U 2.40GHz 8GB RAM 1TB HDD Win8.1',449.99,'ASUS','15.6',nan,nan,nan,nan,nan,nan
'Asus X751NA-DS21Q 17.3 inch Intel Pentium N4200 1.1GHz/ 8GB DDR3/ 1TB HDD/ DVDÂ±RW/ USB3.0/ Windows 10 Notebook (Black)',705.14,'ASUS',nan,'8 GB','1000',nan,nan,'Microsoft Windows',nan
'Manufacturer Refurbished - Asus R417NA-RS01-BL 14" Laptop Intel Celeron N3350 1.1GHz 4GB 32GB eMMC W10',189.99,'ASUS','14\"',nan,nan,nan,nan,'Microsoft Windows',nan
'ASUS Flip R554LA-RH31T(WX) 15.6" Core i3 4005U 6/500 GB HDD Laptop - New Open Box',359.0,'ASUS','15.6',nan,nan,nan,nan,'Microsoft Windows',nan
'P2440UQ-XS71 I7-7500U 2.7G 12GB 512GB SSD DVDRW 14IN W10P',949.0,'ASUS','14.00 Inches','12 Gigabytes','512 Gigabytes','Intel i7-7500U','2.7 Gigahertz','Windows 10',nan
'Refurbished ASUS K84L-7KVX Core i3-2350M Dual-Core 2.3GHz 4GB 320GB DVD±RW 14 LED Laptop PC Windows 7 Home Premium w/Webcam (Dark Brown)',268.99,'ASUS',nan,nan,'320',nan,nan,nan,nan
'Refurbished Asus Chromebook Flip 2-in-1 C100PA - 10.1 Touch - Rockchip RK3288C - 2GB - 16GB Flash',232.36,'ASUS',nan,nan,'16',nan,nan,nan,nan
'Refurbished K53E-1BSX Core i5 Laptop PC 2.5GHz 4GB 5',331.5,'ASUS',nan,nan,nan,nan,nan,nan,nan
'Asus VivoBook Pro 15 FHD GTX 1050 4GB, 16GB RAM, 512GB SSD Touchscreen Laptop',1169.0,'ASUS','15.60 in','16.00 GB','512.00 GB','Intel Core i7','2.80 GHz','Windows 10','0 h'
'Manufacturer Refurbished - Asus E200HA-US01-BL 11.6" Laptop Intel Atom X5-Z8300 1.44GHz 2GB 32GB eMMC W10',149.99,'ASUS',nan,nan,nan,nan,nan,nan,nan
'Asus 13.3" Laptop w/ Intel Celeron N3060, 4GB RAM & 16GB eMMC - Red',241.77,'ASUS','13.30 Inches','4 Gigabytes','16 Gigabytes','Intel N3060','1.6 Gigahertz','Chrome OS','15'
'Asus UX306UA-VB72 Asus Ux306Ua-Vb72 Zenbook',999.91,'ASUS',nan,'8 GB',nan,'Intel Core i7',nan,'Microsoft Windows',nan
'Asus 13.3" Laptop w/ Intel Celeron N3060, 4GB RAM & 16GB eMMC - Light Blue',222.4,'ASUS','13.30 Inches','4 Gigabytes','16 Gigabytes','Intel N3060','1.6 Gigahertz','Chrome OS','15'
'Asus FX503VM 15.6” FHD, Intel Core i7-7700HQ Quad-Core 2.8GHz (Turbo up to 3.8GHz), 3GB GTX 1060, 128GB SSD + 1TB HDD, 16GB DDR4, Windows 10 Powerful Gaming Laptop',989.0,'ASUS','15.60 in','16.00 GB','1.00 TB','Intel Core i7','2.80 GHz','Windows 10',nan
'Asus ROG Strix GL503VS-DH74 15.6-inch Scar Edition, 144Hz G-SYNC, GTX 1070, Core i7, 16GB DDR4, 256GB PCIe SSD+1TB SSHD Gaming Laptop',1899.99,'ASUS','15.60 in','16.00 GB','1.00 TB','Intel Core i7','2.80 GHz','Windows 10','3 Hours'
'ASUS ZenBook UX330UA-AH55 13.3-inch Anti-glare FHD Ultra-Slim Laptop 8th gen Intel i5 Processor, 8GB DDR3, 256GB SSD, Backlit keyboard, Fingerprint Reader, Windows 10, Grey',879.99,'ASUS','13.3\"','8 GB','256 GB',nan,nan,'Microsoft Windows',nan
'Manufacturer Refurbished - Asus E502MA-2BXX 15.6" Laptop N3540 2.16GHz 2GB RAM 500GB HDD W8.1PRO',250.99,'ASUS','15.6\"','2 GB','500 GB',nan,nan,'Microsoft Windows',nan
'ASUS R518UA-RS51T 15.6 inch Core i5-7200U Dual-Core 8GB DDR4 Multi-Touch 1920 x 1080 2-in-1 Notebook',927.83,'ASUS','15.60 in','8.00 GB','1.00 TB','Intel Core i5','2.50 GHz','Windows 10','6.00 h'
'Chromebook-Flip-C302CA Core M3-6Y30 8 GB 64 GB eMMC 12.5 Touchscreen Chrome OS Notebook',579.99,'ASUS','12.50 in','8.00 GB','64.00 GB','Core-m3','0.90 GHz','Chrome OS','10 Hours'
'14" Intel Celeron, 4GB, 32GB, Windows 10 Laptop',249.0,'ASUS','14\"','32 GB',nan,nan,nan,'Microsoft Windows',nan
'ASUS 15.6" HD Portable USB 3.0',214.04,'ASUS','15.6',nan,nan,nan,nan,'Microsoft Windows',nan
'B9440UA-XS51 I5-7200U 2.5G 8GB 512GB SSD 14IN W10',1011.36,'ASUS','14 in','8 GB','512 GB','Intel Core i5','2.5 GHz','Windows 10','10 Hours'
'Used Like New ASUS VivoBook Flip 14 Thin and Light 2-in-1 HD Touchscreen Laptop, Intel Quad-Core Pentium N4200 Processor (2.5GHz), 4GB RAM, 64GB EMMC Storage, Windows 10 Home',379.99,'ASUS',nan,'4 GB',nan,nan,nan,'Microsoft Windows',nan
'ASUS ZenBook 3 UX390UA 12.5" Laptop Intel Core i7-7500U 16GB RAM 512GB SATA SSD with Fingerprint Sensor, Royal Blue Windows 10 Pro',1199.99,'ASUS','12.5\"','16 GB',nan,nan,nan,'Microsoft Windows',nan
'Manufacturer Refurbished - Asus R518UA-RS51T 15.6" Touch Laptop Intel i5-7200U 2.5GHz 8GB 1TB Windows 10',539.99,'ASUS','15.6\"','8 GB','1000 GB',nan,nan,'Microsoft Windows',nan
'ASUS FX53VD-MS72 15.6" Gaming Laptop Computer - Black Metal; Intel Core i7-7700HQ Processor 2.80GHz; NVIDIA GeForce GTX 1050 2GB GDDR5; 8GB DDR4 RAM; 256GB M.2 SSD',989.0,'ASUS','15.6 in','8 GB','256 GB','Intel Core i7-7700HQ','2800 MHz','Windows 10',nan
'Refurbished ASUS K200 12-Inch Touch Laptop',254.9,'ASUS','12',nan,nan,nan,nan,nan,nan
'Asus FX73VE-WH71 17.3" Full HD GTX 1050Ti 4GB GDDR5 Gaming Laptop',899.0,'ASUS','15.60 in','8.00 GB','1.00 TB','Intel Core i7','2.80 GHz','Windows 10','0 h'
'Asus VivoBook E203NA-DH02 11.6" Laptop Celeron N3350 4GB 32GB eMMC Win10',267.49,'ASUS','11.60 Inches','4 Gigabytes','64 Gigabytes','Intel N3350','1.1 Gigahertz','Windows 10','10 Hours'
'Manufacturer Refurbished - Asus T303UA-DH54T 12.6" Touch Laptop Core i5-6200U 2.3GHz 8GB 512GB W10 Asus pen',519.99,'ASUS','12.6',nan,nan,nan,nan,nan,nan
'ASUS ZenBook Flip 14 14" Touchscreen Laptop i5-8250U 8GB 256GB SSD Win10',957.91,'ASUS','14.00 Inches','8 Gigabytes','256 Gigabytes','Intel i5-8250U','1.6 Gigahertz','Windows 10',nan
'Refurbished ASUS ZENBOOK UX301LA-WS71T Laptop UX301LA-WS71T ZENBOOK UX301LA-WS71T Laptop',689.0,'ASUS',nan,nan,nan,nan,nan,'Microsoft Windows',nan
'Asus TP510UARH31T 15.6" i3 7100U 6G W10 1TB Notebook',599.0,'ASUS','15.60 in','6.00 GB','1.00 TB','Intel Core i3','2.40 GHz','Windows 10','0 h'
'ASUS Chromebook C300SA-DH02-LB 13.3 inch Intel Celeron N3060 1.6GHz/ 4GB LPDDR3/ 16GB eMMC + TPM/ USB3.0/ Chrome Notebook (Light Blue)',353.81,'ASUS',nan,nan,nan,nan,nan,'Chrome OS',nan
'Asus VivoBook E403NA-US04 14.0 inch Intel Celeron N3350 1.1GHz/ 4GB DDR3/ 64GB eMMC/ USB3.1/ Windows 10 Notebook (Metallic Grey)',461.96,'ASUS',nan,'4 GB',nan,nan,nan,'Microsoft Windows',nan
'Manufacturer Refurbished - Asus C301SA-DB04 13.3" Laptop Intel Celeron N3160 1.60GHz 4GB 64GB Chrome OS',199.99,'ASUS','13.3\"','4 GB',nan,nan,nan,nan,nan
'Manufacturer Refurbished - ASUS PU301LA-R0130G 13.3" Laptop Core i5-4200U 1.60GHz 4GB RAM 500GB HDD WIN7',339.99,'ASUS','13.3\"','4 GB','500 GB',nan,nan,'Microsoft Windows',nan
'B9440UA-XS74 I7-7500U 2.7G 16GB 512GB 14IN NO TOUCH SCRN W10P 64BIT',1299.0,'ASUS','14 in','16 Gigabytes','512 Gigabytes','Intel i7-7500U','2.7 Gigahertz','Windows 10 Pro (64-bit)','10'
'Asus R518UA-DH51T 15.6 CI5-7200U 8GB 256G Notebook',674.28,'ASUS','15.60 in','8.00 GB','256.00 GB','Intel Core i5','2.50 GHz','Windows 10',nan
'Asus GX501VS-XS71 I7-7700Hq 2.8Ghz (Turbo Up To 3.8Ghz)',1999.0,'ASUS','15.60 Inches','16 Gigabytes','256 Gigabytes','Intel i7-7700HQ','2.8 Gigahertz','Windows 10',nan
'Manufacturer Refurbished - Asus UX370UA-XB74T-BL 13.3" Touch Laptop Intel i7-7500U 2.7GHz 16GB 512GB W10',949.99,'ASUS','13.3\"','16 GB',nan,nan,nan,'Microsoft Windows',nan
'Asus FX503VD 15.6" Gaming Laptop i7-7700HQ 8GB 1TB 128GB GTX 1050 W10',999.0,'ASUS','15.60 Inches','8 Gigabytes','1 Terabytes','Intel i7-7700HQ','2.8 Gigahertz','Windows 10',nan
'ASUS X501A-WH01 15.6" Notebook | Intel Celeron B820(1.7GHz), 2GB DDR3, 320GB HDD, WebCam, HDMI, Windows 8',444.18,'ASUS','15.6"','2 GB','320 GB','Intel Celeron','1.70 GHz','Microsoft Windows',nan
'Asus Zenbook 3 Deluxe UX490UA-XH74-BL 14.0 inch Intel Core i7-8550U 1.8GHz/ 16GB LPDDR3/ 512GB PCI-E SSD/ USB3.1/ Windows 10 Professional Ultrabook (Royal Blue)',2208.01,'ASUS',nan,nan,nan,nan,nan,'Microsoft Windows',nan
'Refurbished Asus X550LA-RI5T25 Notebook PC - Intel Core i5-4200U 1.6 GHz Dual Core',299.0,'ASUS',nan,nan,nan,nan,nan,nan,nan
'Asus VivoBook Flip TP410UA-DB71T 14.0 inch Touchscreen Intel Core i7-7500U 2.7GHz/ 8GB DDR4/ 1 TB HDD/ DVDÂ±RW/ USB3.1/ Windows 10 Ultrabook (Star Gray)',1043.08,'ASUS',nan,'8 GB','1000 GB',nan,nan,'Microsoft Windows',nan
'Refurbished Asus 15.6 Laptop i3 1.8GHz 6GB 500GB Windows 8 (X550CA-RI3T13)',331.5,'ASUS',nan,nan,nan,nan,nan,nan,nan
'Asus VivoBook Flip 14 14" FHD Touchscreen Laptop i7-8550U 8GB 1TB Win10',874.72,'ASUS','14.00 Inches','8 Gigabytes','1 Terabytes','Intel i7-8550U','1.8 Gigahertz','Windows 10',nan
'ASUS X751LX-DB71 17.3" Intel Core i7 5th Gen 5500U 8 GB/1 TB Laptop - New Open Box',780.0,'ASUS','17.3',nan,nan,nan,nan,'Microsoft Windows',nan
'ASUS ZenBook UX303UB Core i7 2.5GHz 12GB 512GB SSD 13.3" QHD+ Ultrabook W10H - Factory Refurbished',1019.99,'ASUS','13.3\"','12 GB','512 GB',nan,nan,'Microsoft Windows',nan
'Asus ASUSPRO P Essential P2530UA-XH31 15.6" LCD Notebook - Intel Core i3 (6th Gen) i3-6006U Dual-core (2 Core) 2 GHz - 4 GB DDR4 SDRAM - 500 GB HDD - Windows 10 Pro 64-bit - 1366 x 768 -',589.07,'ASUS','15.6 Inches','4 Gigabytes','500 Gigabytes','Intel Core i3','2 Gigahertz','Windows 10','0 h'
'ASUS ZenBook UX430UN Laptop - 8th Gen Intel Core i7 - 2GB NVIDIA Graphics -1080p Notebook 16GB Memory 512GB SSD Computer PC',1269.99,'ASUS',nan,nan,'512 GB',nan,nan,'Microsoft Windows',nan
'Refurbished Asus - 11.6 Laptop - Intel Atom - 2GB Memory - 32GB Flash Memory - Blue',168.9,'ASUS',nan,nan,'32',nan,nan,nan,nan
'C202SA-YS01 N3060 1.6G 2GB 16GB 11.6IN CHROME OS',184.37,'ASUS','11.60 Inches','2 Gigabytes','16 Gigabytes','Intel N3060','1.6 Gigahertz','Chrome OS','10 Hours'
'Refurbished ASUS 15.6 X553SA-WS01-RD Laptop PC with Intel Celeron N3050 Processor, 4GB Memory, 500GB Hard Drive and Windows 10',139.0,'ASUS',nan,'4 GB','500',nan,nan,'Microsoft Windows',nan
'Asus Chromebook C202SA-YS02 11.6" Chromebook - Intel Celeron (Refurbished)',202.49,'ASUS','0 in','0 GB','0 GB',nan,'0 GHz','Chrome OS',nan
'Refurbished ASUS K30BD US002S - Sempron 3850 - 4 GB RAM - 500 GB HDD - AMD Radeon R3 - Windows 8.1 with Bing',239.16,'ASUS',nan,nan,'500',nan,nan,nan,nan
'Refurbished ASUS X501U RHE1N21 15.6 Notebook - E1 -1200 1.4 GHz - 4 GB RAM - 320 GB HDD - Dark Blue',249.0,'ASUS',nan,nan,'320',nan,nan,nan,nan
'Asus VivoMini UN62-M037M Barebone Computer - Intel Core i5-4210U (Refurbished)',263.97,'ASUS',nan,nan,nan,nan,nan,'Microsoft Windows',nan
'Asus Chromebook C301SA-DB04 13.3" Chromebook - Intel Celeron (Refurbished)',265.49,'ASUS','13.3 in','4 GB','64 GB','Intel Celeron','1.6 GHz','Chrome OS',nan
'Manufacturer Refurbished - Asus Eee Slate REP121-1A011M 12.1" Tablet Intel i5-470UM 1.33GHz 2GB 32GB SSD W7',339.99,'ASUS','12.1',nan,nan,nan,nan,nan,nan
'Asus 90NB07H1-M02520 10.1" Ips Wuxga Tz3775 2gb',346.89,'ASUS','10.1',nan,nan,nan,nan,nan,nan
'R556LA-RH31 WX I3-4005U 1.7G 4GB 500GB DVDRW 15.6IN WL W10',352.66,'ASUS','15.6"','4 GB','500 GB','Intel Core i3','1.70 GHz','Windows 10','5 hours'
'Manufacturer Refurbished - ASUS Eee Slate EP121-1A010M 12.1" Tablet Intel i5-470UM 1.33GHz 4GB 64GB SSD WN7',359.99,'ASUS','12.1',nan,nan,nan,nan,nan,nan
'Asus - 90NX00P1-M01070 - 15.6 N3050 4gb 500gb W10',367.98,'ASUS','15.60 Inches','4 Gigabytes','500 Gigabytes','Intel N3050','1.6 Gigahertz','Windows 10',nan
'Refurbished VivoBook S300CA-DS51T-CA Ultrabook I5-3317U Laptop PC 4GB 500GB 13.3 Windows 8',398.99,'ASUS',nan,nan,'500',nan,nan,nan,nan
'Asus T102HA-D4-GR 10.1 in. Windows 10 Tablet Touchscreen Intel Atom Z8350 1.44GHz & 4GB DDR3 - Gray',440.54,'ASUS',nan,'4 GB',nan,nan,nan,'Microsoft Windows',nan
'15.6 Intel QuadCore N3450 8G',446.86,'ASUS','15.60 Inches','8 Gigabytes','1 Terabytes','Intel N3450','1.1 Gigahertz','Windows 10',nan
'ASUS Chromebook C101PA-DB02 10.1 inch Rockchip 3399 Touchscreen 4GB LPDDR3/ 16GB SSD/ USB3.1/ Chrome Notebook (Silver)',461.96,'ASUS',nan,nan,nan,nan,nan,nan,nan
'ASUS P2540NV-YH21 N 4200 4GB 500GB 15.6IN W10 NO TOUCH SCREEN',469.99,'ASUS','15.60 Inches','4 Gigabytes','500 Gigabytes','Intel N4200','1.1 Gigahertz','Windows 10',nan
'Refurbished Asus Q502LA-BBI5T15 - 2-in-1 15.6 Full HD Touch-Screen Windows 10 Laptop i5-5200U 8GB RAM /1TB HHD Aluminum Black',499.0,'ASUS',nan,'8 GB',nan,nan,nan,'Microsoft Windows',nan
'X751NA-DS21Q QC N4200 1.10G 8GB 1TB DVDRW 17.3IN W10 64BIT',520.33,'ASUS','17.30 in','8.00 GB','1.00 TB','Intel Pentium','1.10 GHz','Windows 10',nan
'14.0" Core m3 7Y30 4G W10 64G',526.75,'ASUS','14.0\"','0 Gigabytes','0 Gigabytes','Core m3','0 Gigahertz','Unknown',nan
'ASUS Chromebook Flip C213SA-YS02 11.6 inch Intel Celeron N3350 1.1GHz/ 4GB LPDDR4/ 32GB eMMC + TPM/ USB3.1/ Chrome Notebook',539.21,'ASUS',nan,nan,'32 GB',nan,nan,nan,nan
'Asus VivoBook Max X541UA-DH51 Notebook',618.94,'ASUS','15.60 in','8.00 GB','1.00 TB','Intel Core i5','2.50 GHz','Windows 10',nan
'Intel i5 7200U 2.5GHz Gld Metl',649.99,'ASUS','15.60 Inches','8 Gigabytes','1 Terabytes','Intel i5-7200U','2.5 Gigahertz','Windows 10',nan
'ASUS UX32VD-DH71 Notebook PC - Intel Core i7 3517U 1.9 GHz (Refurbished)',669.97,'ASUS','13.3 in','4 GB','500 GB','Intel Core i7','1.9 GHz','Microsoft Windows',nan
'Manufacturer Refurbished - ASUS TP301UA-IB74T 13.3" Touch Laptop i7-6500U 2.50GHz 8GB 512GB SSD W10',699.99,'ASUS','13.3\"','8 GB','512 GB',nan,nan,'Microsoft Windows',nan
'Manufacturer Refurbished - Asus ROG GL552VW-DH71 15.6" Laptop Intel Core i7-6700HQ 2.60GHz 16GB 1TB HDD W10',789.99,'ASUS','15.6\"','16 GB','16000 GB',nan,nan,'Microsoft Windows',nan
'Refurbished ASUS B9440UA-XS74 Pro Thin and Light Laptop, 14 FHD Narrow Bezel, Intel i7, SSD, 16GB Ram, Win10 Pro, Fingerprint, 10hrs Battery',799.0,'ASUS',nan,'16 GB',nan,nan,nan,'Microsoft Windows',nan
'Asus ASUSPRO P Essential 14" Laptop i5-7200U 8GB 25 GB SSD Win10 Pro',800.43,'ASUS','14.00 Inches','8 Gigabytes','256 Gigabytes','Intel i5-7200U','2.5 Gigahertz','Windows 10',nan
'Asus VivoBook Flip 14 2-in-1 Notebook with Intel i5-8250U, 8GB 256GB SSD',829.99,'ASUS','14\"','0 Gigabytes','0 Gigabytes',nan,'0 Gigahertz','Unknown',nan
'ASUS Notebooks 14.0" i5 8250U 8G 256G W10',832.8,'ASUS','14.0\"',nan,nan,nan,nan,'Microsoft Windows',nan
'ASUS ZENBOOK UX303LA-DS51T - Ultrabook - Core i5 5200U / 2.2 GHz - Win 8.1 64-bit - 8 GB RAM - 128 GB SSD - 13.3" IPS touchscreen 1920 x 1080 (Full HD) - HD Graphics 5500 - Wi-Fi - smoky brown',899.0,'ASUS','13.3"','8 GB','128 GB','Intel Core i5','2.2 GHz','Windows 8','7 hours'
'Asus 14" Laptop w/ Intel i7-7500U, 8GB RAM & 256GB SSD',919.0,'ASUS','14.00 Inches','8 Gigabytes','256 Gigabytes','Intel i7-7500U','2.7 Gigahertz','Windows 10',nan
'Asus Pro Essential 15.6" Notebook w/ Intel i5-5200U, 4GB RAM, & 500GB HDD',935.86,'ASUS','15.60 in','4','500','Intel i5-5200U','2.2','Windows 7','9'
'ASUS Chromebook Flip C302CA-DH54/90NB0DF1-M01360 12.5 inch Touchscreen Intel Core m5-6Y54 1.1GHz/ 4GB LPDDR3/ 64GB eMMC + TPM/ Chrome Notebook (Silver)',950.28,'ASUS',nan,'4 GB',nan,nan,nan,nan,nan
'VivoBook Flip 14 TP410UA i7-7500U 16 GB 256 GB SSD 14" Windows 10 Home Touchscreen Notebook',969.74,'ASUS','14.00 in','16.00 GB','256.00 GB','Core-i7','2.70 GHz','Windows 10',nan
'Asus VivoBook Flip TP410UA-DB51T 14.0 inch Touchscreen Intel Core i5-7200U 2.5GHz/ 6GB DDR4/ 1 TB HDD/ USB3.0/ Windows 10 Notebook (Star Gray)',979.12,'ASUS',nan,nan,'1000 GB',nan,nan,'Microsoft Windows',nan
'ZenBook 3 12.5in Notebook Intel i5 7200U 8GB RAM 256GB SSD WIN10',999.0,'ASUS','12.50 in','8 Gigabytes','256 Gigabytes','Intel i5-7200U','2.5 Gigahertz','Windows 10','9 Hours'
'Refurbished Asus Laptop 15", 16GB DDR3 RAM, 512GB + Windows 10 - Solid Slate',1049.0,'ASUS','15\"',nan,'512 GB',nan,nan,'Microsoft Windows',nan
'Asus B9440UA-XS51 14 in. Intel Core i5-7200U 2.5 GHz 512GB, Fingerprint - Gray',1137.03,'ASUS',nan,nan,nan,nan,nan,'Microsoft Windows',nan
'ASUS S56 15-Inch Laptop [OLD VERSION]',1178.58,'ASUS',nan,nan,nan,nan,nan,nan,nan
'ASUS GL503VD-DB71 Gaming Laptop w/ FREE BUNDLE! 15.6? FHD Intel Core i7-7700HQ NVIDIA GeForce GTX1050 16GB DDR4 128GB M.2 SSD 1TB SSHD Hybrid Win10',1179.0,'ASUS','15.6 in','16.00 GB','1.13 TB','Intel Core i7, Intel Core i7 7700HQ','3.80 GHz','Windows 10',nan
'ASUS ROG G751JT-CH71 17-Inch Gaming Laptop Black',1199.0,'ASUS','17',nan,nan,nan,nan,nan,nan
'ASUS GL703VD-WB71 Gaming Laptop w/ FREE BUNDLE! 17.3” FHD Intel Core i7-7700HQ NVIDIA GeForce GTX1050 16GB DDR4 128GB M.2 SSD 1TB SSHD Hybrid Win10',1229.0,'ASUS','17.30 in','16.00 GB','1.13 TB','Intel Core i7 7700HQ','3.80 GHz','Windows 10',nan
'ASUS GL503VD-DB71 Gaming Laptop w/ FREE BUNDLE! 15.6? FHD Intel Core i7-7700HQ NVIDIA GeForce GTX1050 16GB DDR4 256GB PCIe SSD 1TB SSHD Hybrid Win10',1249.0,'ASUS','15.6 in','16.00 GB','1.25 TB','Intel Core i7, Intel Core i7 7700HQ','3.80 GHz','Windows 10',nan
'ASUS GL703VD-WB71 Gaming Laptop w/ FREE BUNDLE! 17.3” FHD Intel Core i7-7700HQ NVIDIA GeForce GTX1050 16GB DDR4 256GB PCIe SSD 1TB SSHD Hybrid Win10',1289.0,'ASUS','17.30 in','16.00 GB','1.25 TB','Intel Core i7 7700HQ','3.80 GHz','Windows 10',nan
'ASUS UX305 13-Inch Laptop [2015 model]',1291.04,'ASUS','13.3"','8 Gigabytes','256 Gigabytes','Intel Core M','0.8 Gigahertz','Windows 8','10 hours'
'ASUS GL503VD-DB71 Gaming Laptop w/ FREE BUNDLE! 15.6? FHD Intel Core i7-7700HQ NVIDIA GeForce GTX1050 32GB DDR4 1TB SSHD Hybrid Win10',1349.0,'ASUS','15.6 in','32.00 GB','1.00 TB','Intel Core i7, Intel Core i7 7700HQ','3.80 GHz','Windows 10',nan
'Asus ASUSPRO B9440UA-XS51 14.0 inch Intel Core i5-7200U 2.5GHz/ 8GB LPDDR3/ 512GB SSD/ USB3.1/ Windows 10 Professional Ultrabook (Gray)',1310.88,'ASUS',nan,'8 GB',nan,nan,nan,'Microsoft Windows',nan
'ASUS GL503VD-DB71 Gaming Laptop w/ FREE BUNDLE! 15.6? FHD Intel Core i7-7700HQ NVIDIA GeForce GTX1050 32GB DDR4 128GB M.2 SSD 1TB SSHD Hybrid Win10',1379.0,'ASUS','15.6 in','32.00 GB','1.13 TB','Intel Core i7, Intel Core i7 7700HQ','3.80 GHz','Windows 10',nan
'ASUS GL503VD-DB71 Gaming Laptop w/ FREE BUNDLE! 15.6? FHD Intel Core i7-7700HQ NVIDIA GeForce GTX1050 16GB DDR4 500GB WD Blue M.2 SSD 1TB SSHD Hybrid Win10',1329.0,'ASUS','15.6 in','16.00 GB','1.50 TB','Intel Core i7, Intel Core i7 7700HQ','3.80 GHz','Windows 10',nan
'ASUS N580VD-DB74T BUNDLE!-15.6" FHD Touch Screen | Intel i7-7700HQ | NVIDIA GTX 1050 4GB | 16GB RAM | 512GB SSD | Win 10',1335.0,'ASUS','15.60 in','32.00 GB','512.00 GB','Intel Core i7 7700HQ','3.80 GHz','Windows 10',nan
'ASUS GL503VD-DB71 Gaming Laptop w/ FREE BUNDLE! 15.6? FHD Intel Core i7-7700HQ NVIDIA GeForce GTX1050 32GB DDR4 1TB SSHD Hybrid Win10',1349.0,'ASUS','15.6 in','32.00 GB','1.00 TB','Intel Core i7, Intel Core i7 7700HQ','3.80 GHz','Windows 10',nan
'ASUS GL703VD-WB71 Gaming Laptop w/ FREE BUNDLE! 17.3” FHD Intel Core i7-7700HQ NVIDIA GeForce GTX1050 16GB DDR4 250GB Samsung 960 EVO NVMe SSD 1TB SSHD Hybrid Win10',1349.0,'ASUS','17.30 in','16.00 GB','1.25 TB','Intel Core i7 7700HQ','3.80 GHz','Windows 10',nan
'UX461UN-DS74T I7-8550U 1.8G 16GB 512GB 14IN TOUCH SCREEN W10',1367.21,'ASUS','14.00 Inches','16 Gigabytes','512 Gigabytes','Intel i7-8550U','1.8 Gigahertz','Windows 10','13 Hours'
'Asus M580VD-EB76 15.6 inch Intel Core i7-7700HQ 2.8GHz/ 16GB DDR4/ 1TB HDD + 256GB SSD/ GTX 1050/ USB3.1/ Windows 10 Ultrabook (Metalic Champagne)',1377.83,'ASUS',nan,nan,'1000 GB',nan,nan,'Microsoft Windows',nan
'ASUS GL503VD-DB71 Gaming Laptop w/ FREE BUNDLE! 15.6? FHD Intel Core i7-7700HQ NVIDIA GeForce GTX1050 16GB DDR4 500GB Samsung 960 EVO NVMe SSD 1TB SSHD Hybrid Win10',1429.0,'ASUS','15.6 in','16.00 GB','1.50 TB','Intel Core i7, Intel Core i7 7700HQ','3.80 GHz','Windows 10',nan
'Manufacturer Refurbished - Asus UX390UA-XH74-BL 12.5" Laptop Intel i7-7500U 2.7GHz 16GB 512GB SSD Win10',729.99,'ASUS',nan,nan,nan,nan,nan,nan,nan
'ASUS GL503VD-DB71 Gaming Laptop w/ FREE BUNDLE! 15.6? FHD Intel Core i7-7700HQ NVIDIA GeForce GTX1050 16GB DDR4 512GB PCIe SSD 1TB SSHD Hybrid Win10',1389.0,'ASUS','15.6 in','16.00 GB','1.50 TB','Intel Core i7, Intel Core i7 7700HQ','3.80 GHz','Windows 10',nan
'ASUS GL703VD-WB71 Gaming Laptop w/ FREE BUNDLE! 17.3” FHD Intel Core i7-7700HQ NVIDIA GeForce GTX1050 16GB DDR4 500GB WD Blue M.2 SSD 1TB SSHD Hybrid Win10',1369.0,'ASUS','17.30 in','16.00 GB','1.50 TB','Intel Core i7 7700HQ','3.80 GHz','Windows 10',nan
'Asus VivoBook Pro 15 15.6" 4K Touch Laptop i7-7700HQ 16GB 256GB SSD 1TB GTX 1050',1399.0,'ASUS','15.60 Inches','16 Gigabytes','1 Terabytes','Intel i7-7700HQ','2.8 Gigahertz','Windows 10',nan
'ASUS GL703VD-WB71 Gaming Laptop w/ FREE BUNDLE! 17.3” FHD Intel Core i7-7700HQ NVIDIA GeForce GTX1050 32GB DDR4 128GB M.2 SSD 1TB SSHD Hybrid Win10',1419.0,'ASUS','17.30 in','32.00 GB','1.13 TB','Intel Core i7 7700HQ','3.80 GHz','Windows 10',nan
'ASUS GL703VD-WB71 Gaming Laptop w/ FREE BUNDLE! 17.3” FHD Intel Core i7-7700HQ NVIDIA GeForce GTX1050 16GB DDR4 512GB PCIe SSD 1TB SSHD Hybrid Win10',1429.0,'ASUS','17.30 in','16.00 GB','1.50 TB','Intel Core i7 7700HQ','3.80 GHz','Windows 10',nan
'ASUS GL503VD-DB71 Gaming Laptop w/ FREE BUNDLE! 15.6? FHD Intel Core i7-7700HQ NVIDIA GeForce GTX1050 32GB DDR4 256GB PCIe SSD 1TB SSHD Hybrid Win10',1439.0,'ASUS','15.6 in','32.00 GB','1.25 TB','Intel Core i7, Intel Core i7 7700HQ','3.80 GHz','Windows 10',nan
'ASUS GL503VD-DB71 Gaming Laptop w/ FREE BUNDLE! 15.6? FHD Intel Core i7-7700HQ NVIDIA GeForce GTX1050 32GB DDR4 500GB WD Blue M.2 SSD 1TB SSHD Hybrid Win10',1519.0,'ASUS','15.6 in','32.00 GB','1.50 TB','Intel Core i7, Intel Core i7 7700HQ','3.80 GHz','Windows 10',nan
'ASUS GL703VD-WB71 Gaming Laptop w/ FREE BUNDLE! 17.3” FHD Intel Core i7-7700HQ NVIDIA GeForce GTX1050 16GB DDR4 500GB Samsung 960 EVO NVMe SSD 1TB SSHD Hybrid Win10',1479.0,'ASUS','17.30 in','16.00 GB','1.50 TB','Intel Core i7 7700HQ','3.80 GHz','Windows 10',nan
'ASUS GL703VD-WB71 Gaming Laptop w/ FREE BUNDLE! 17.3” FHD Intel Core i7-7700HQ NVIDIA GeForce GTX1050 32GB DDR4 256GB PCIe SSD 1TB SSHD Hybrid Win10',1489.0,'ASUS','17.30 in','32.00 GB','1.25 TB','Intel Core i7 7700HQ','3.80 GHz','Windows 10',nan
'ASUS GL703VM-NH74 17.3" Intel Core i7 7th Gen 7700HQ (2.80 GHz) NVIDIA GeForce GTX 1060 16 GB Memory 256 GB SSD 1 TB HDD Laptop Gaming Notebook PC Computer',1495.0,'ASUS','17.3\"',nan,nan,nan,nan,'Microsoft Windows',nan
'ASUS GL503VD-DB71 Gaming Laptop w/ FREE BUNDLE! 15.6? FHD Intel Core i7-7700HQ NVIDIA GeForce GTX1050 32GB DDR4 250GB Samsung 960 EVO NVMe SSD 1TB SSHD Hybrid Win10',1499.0,'ASUS','15.6 in','32.00 GB','1.25 TB','Intel Core i7, Intel Core i7 7700HQ','3.80 GHz','Windows 10',nan
'ASUS GL703VD-WB71 Gaming Laptop w/ FREE BUNDLE! 17.3? FHD Intel Core i7-7700HQ NVIDIA GeForce GTX1050 32GB DDR4 250GB Samsung 960 EVO NVMe SSD 1TB SSHD Hybrid Win10',1549.0,'ASUS','17.3 in','32.00 GB','1.25 TB','Intel Core i7, Intel Core i7 7700HQ','3.80 GHz','Windows 10',nan
'ASUS N580VD-DB74T BUNDLE!- Upgraded: 1TB SSD | 15.6" FHD Touch Screen | Intel i7-7700HQ | NVIDIA GTX 1050 4GB | 16GB RAM | Win 10',1559.0,'ASUS','15.60 in','16.00 GB','1.00 TB','Intel Core i7 7700HQ','3.80 GHz','Windows 10',nan
'ASUS GL503VD-DB71 Gaming Laptop w/ FREE BUNDLE! 15.6? FHD Intel Core i7-7700HQ NVIDIA GeForce GTX1050 32GB DDR4 512GB PCIe SSD 1TB SSHD Hybrid Win10',1589.0,'ASUS','15.6 in','32.00 GB','1.50 TB','Intel Core i7, Intel Core i7 7700HQ','3.80 GHz','Windows 10',nan
'Asus 15.6" i7 6700HQ 2.6GHz',1598.97,'ASUS','15.6\"','0 Gigabytes','0 Gigabytes','Intel i7-6700HQ','0 Gigahertz','Windows 10',nan
'Asus ROG GL502VM-DS74 15.6 inch Intel Core i7-7700HQ 2.8GHz/ 16GB DDR4/ 1TB HDD + 128GB SSD/ GTX 1060/ USB3.1/ Windows 10 Ultrabook (ROG Metallic Copper)',1599.0,'ASUS',nan,nan,'1000',nan,nan,nan,nan
'ASUS GL503VD-DB71 Gaming Laptop w/ FREE BUNDLE! 15.6? FHD Intel Core i7-7700HQ NVIDIA GeForce GTX1050 32GB DDR4 500GB Samsung 960 EVO NVMe SSD 1TB SSHD Hybrid Win10',1639.0,'ASUS','15.6 in','32.00 GB','1.50 TB','Intel Core i7, Intel Core i7 7700HQ','3.80 GHz','Windows 10',nan
'ASUS GL503VD-DB71 Gaming Laptop w/ FREE BUNDLE! 15.6? FHD Intel Core i7-7700HQ NVIDIA GeForce GTX1050 32GB DDR4 1TB WD Blue M.2 SSD 1TB SSHD Hybrid Win10',1699.0,'ASUS','15.6 in','32.00 GB','2.00 TB','Intel Core i7, Intel Core i7 7700HQ','3.80 GHz','Windows 10',nan
'ASUS GL703VD-WB71 Gaming Laptop w/ FREE BUNDLE! 17.3” FHD Intel Core i7-7700HQ NVIDIA GeForce GTX1050 32GB DDR4 500GB Samsung 960 EVO NVMe SSD 1TB SSHD Hybrid Win10',1659.0,'ASUS','17.30 in','32.00 GB','1.50 TB','Intel Core i7 7700HQ','3.80 GHz','Windows 10',nan
'ASUS N580VD-DB74T BUNDLE!- Upgraded: 32GB RAM + 1TB SSD | 15.6" FHD Touch Screen | Intel i7-7700HQ | NVIDIA GTX 1050 4GB | Win 10',1679.0,'ASUS','15.60 in','16.00 GB','1.00 TB','Intel Core i7 7700HQ','3.80 GHz','Windows 10',nan
'Asus ROG GL503VD-DB74 15.6 inch Intel Core i7-7700HQ 2.8GHz/ 16GB DDR4/ 1TB HDD + 256GB SSD/ GTX 1050/ USB3.1/ Windows 10 Ultrabook (ROG Metallic Black)',1685.8,'ASUS',nan,nan,'1000 GB',nan,nan,'Microsoft Windows',nan
'Asus ZenBook 3 Deluxe UX490 UX490UA-XH74-BL 14" Core i7-8550U Quad-core (4 Core) 1.8GHz - 16GB LPDDR3 512GB SSD Windows 10 Pro1920 x 1080 Royal Blue, Golden Notebook',1699.0,'ASUS','14.00 in','16.00 GB','512.00 GB','Intel Core i7','1.80 GHz','Windows 10','9.00 h'
'ASUS ROG GL703VM Gaming Laptop - Intel Core i7 - 1080p - 6GB NVIDIA Graphics',1699.99,'ASUS',nan,nan,nan,nan,nan,'Microsoft Windows',nan
'ASUS GL703VD-WB71 Gaming Laptop w/ FREE BUNDLE! 17.3” FHD Intel Core i7-7700HQ NVIDIA GeForce GTX1050 32GB DDR4 1TB WD Blue M.2 SSD 1TB SSHD Hybrid Win10',1729.0,'ASUS','17.30 in','32.00 GB','2.00 TB','Intel Core i7 7700HQ','3.80 GHz','Windows 10',nan
'ASUS N580VD-DB74T BUNDLE!- Upgraded: 1TB Samsung 960 EVO PCIE SSD | 15.6" FHD Touch Screen | Intel i7-7700HQ | NVIDIA GTX 1050 4GB | 16GB RAM | Win 10',1739.0,'ASUS','15.60 in','16.00 GB','1.00 TB','Intel Core i7 7700HQ','3.80 GHz','Windows 10',nan
'ASUS GL503VD-DB71 Gaming Laptop w/ FREE BUNDLE! 15.6? FHD Intel Core i7-7700HQ NVIDIA GeForce GTX1050 32GB DDR4 1TB Samsung 960 EVO NVMe SSD 1TB SSHD Hybrid Win10',1889.0,'ASUS','15.6 in','32.00 GB','2.00 TB','Intel Core i7, Intel Core i7 7700HQ','3.80 GHz','Windows 10',nan
'ASUS N580VD-DB74T BUNDLE!- Upgraded: 32GB RAM + 1TB Samsung 960 EVO PCIE SSD | 15.6" FHD Touch Screen | Intel i7-7700HQ | NVIDIA GTX 1050 4GB | Win 10',1859.0,'ASUS','15.60 in','16.00 GB','1.00 TB','Intel Core i7 7700HQ','3.80 GHz','Windows 10',nan
'Asus ROG GL702VS-RS71 17.3 inch Intel Core i7-7700HQ 2.8GHz/ 16GB DDR4/ 1TB HDD + 512GB SSD/ GTX 1070/ USB3.1/ Windows 10 Notebook',1868.32,'ASUS',nan,nan,'1000',nan,nan,nan,nan
'Asus ROG GL702VM-DS74 17.3 inch Intel Core i7-7700HQ 2.8GHz/ 16GB DDR4/ 1TB HDD + 128GB SSD/ GTX 1060M/ USB3.1/ Windows 10 Notebook (ROG Metallic Copper Style)',1953.6,'ASUS',nan,nan,'1000',nan,nan,'Microsoft Windows',nan
'ASUS ROG Zephyrus GX501VS-XS71 Gaming Laptop w/ FREE BUNDLE! 15.6” FHD Intel Core i7-7700HQ NVIDIA GeForce GTX1070 16GB DDR4 512GB PCIe SSD Win10',2259.0,'ASUS','15.60 in','16.00 GB','512.00 GB','Intel Core i7 7700HQ','3.80 GHz','Windows 10',nan
'ASUS ROG Zephyrus GX501VS-XS71 Gaming Laptop w/ FREE BUNDLE! 15.6” FHD Intel Core i7-7700HQ NVIDIA GeForce GTX1070 16GB DDR4 500GB Samsung 960 EVO NVMe SSD Win10',2319.0,'ASUS','15.60 in','16.00 GB','500.00 GB','Intel Core i7 7700HQ','3.80 GHz','Windows 10',nan
'ASUS ROG Zephyrus GX501VS-XS71 Gaming Laptop w/ FREE BUNDLE! 15.6” FHD Intel Core i7-7700HQ NVIDIA GeForce GTX1070 16GB DDR4 256GB NVMe SSD Win10',2099.0,'ASUS','15.60 in','16.00 GB','256.00 GB','Intel Core i7 7700HQ','3.80 GHz','Windows 10',nan
'ASUS ROG Zephyrus GX501VS-XS71 Gaming Laptop w/ FREE BUNDLE! 15.6” FHD Intel Core i7-7700HQ NVIDIA GeForce GTX1070 16GB DDR4 1TB Samsung 960 EVO NVMe SSD Win10',2579.0,'ASUS','15.60 in','16.00 GB','1.00 TB','Intel Core i7 7700HQ','3.80 GHz','Windows 10',nan
'Manufacturer Refurbished - ASUS ROG GX800VH-XS79K 18.4" Gaming Laptop i7-7820HK 64GB 1.5TB SSD GTX1080 W10P',4799.99,'ASUS','18.4\"',nan,'1500 GB',nan,nan,'Microsoft Windows',nan
'ASUS Black 15.6" X551MAV-RCLN06 Laptop PC with Intel Celeron N2830 Processor, 4GB Memory, 500GB Hard Drive and Windows 8.1',6.26,'ASUS','15.6"','4 GB','500 GB','Intel Celeron','2.16 GHz, with a Max Turbo Speed of 2.41 GHz','Microsoft Windows','3 hours 20 minutes'
'ASUS Chocolate 15.6" K50IJ-BNC5 Laptop PC with Intel Pentium T4500 Processor, Windows 7 Home Premium, Refurbished',11.88,'ASUS','15.6"','4 GB','500 GB','Intel','2.3GHz','Windows 7','6 Hours'
'Asus Gray 13.3" Zenbook Prime UX31A-DH51 Ultrabook PC with Intel Core i5-3317U Processor and Windows 8 Operating System',1074.99,'ASUS','13.3"','4 GB','128 GB','Intel Core i5','1.70 GHz, with a Max Turbo Speed of 2.60 GHz','Windows 8',nan
'Asus 15.6" P53E-XB31 Laptop PC with Intel Core i3-2370M Processor and Windows 7 Professional',229.0,'ASUS','15.6"','4 GB','500 GB','Intel Core i3','2.40 GHz','Windows 7','4 hours'
'ASUS X540SA 15.6" Laptop, Windows 10, Intel Pentium N3710 Processor, 4GB RAM, 1TB Hard Drive',239.0,'ASUS','15.6 in','4 GB','1  TB','Intel Pentium','1.60 GHz, with a Max Turbo Speed of 2.56 GHz','Windows 10','6 hours'
'ASUS Silver 10.1" C100PA–RBRKT03 Chromebook PC with Rockchip RK3288C Quad-Core Processor, 2GB Memory, touch screen, 16GB eMMC Storage and Chrome OS',69.88,'ASUS','10.1 in','2 GB','16  GB','Rockchip RK3288C Quad-Core Processor','1.80 GHz','Chrome','9 hours'
